target_cv,n,n_reps,mttf_true,actual_cv,lrt_selects_reduced,cv_selects_reduced,mean_cv_hat,sd_cv_hat,mse_full,mse_red,mse_lrt,mse_cv,rmse_full,rmse_red,rmse_lrt,rmse_cv,rel_rmse_red,rel_rmse_lrt,rel_rmse_cv,bias_full_x,bias_reduced,bias_adaptive_lrt,bias_adaptive_cv,bias_full_y,bias_red,bias_lrt,bias_cv,rmse_full_pct,rmse_red_pct,rmse_lrt_pct
0.0,100,497,221.829531491824,0.0,0.9295774647887324,0.026156941649899398,0.3068164469882118,0.1888698964717328,422.0157278091429,498.57463429776965,490.9080744776379,422.0214293328977,20.543021389492417,22.328784881801553,22.156445438689797,20.543160159354688,1.0869279868063877,1.0785387903077701,1.0000067550853227,0,0,0,0,-3.501790278428788,1.3316762581324832,0.47025064673465855,-3.490532676990331,9.260724327973243,10.065740450172896,9.988050414066
0.0,500,500,221.829531491824,0.0,0.946,0.364,0.119697781539483,0.04586604609538654,103.17297910714517,106.61262418487186,106.63463169679166,103.61625090596307,10.157410059023174,10.325338938014184,10.326404587115094,10.179206791590545,1.0165326473988152,1.0166375608654095,1.0021458947153568,0,0,0,0,-0.8101771177837254,0.12877611278786816,-0.0072299209928936535,-0.6660765968562221,4.578925984612444,4.654627753381314,4.655108144379638
0.0,1000,499,221.829531491824,0.0,0.9378757515030061,0.6793587174348698,0.0843999390476129,0.03393915123649352,43.10503290913604,44.15010692151187,43.971352303677165,43.52890720163656,6.565442323951681,6.644554681956637,6.631089827749068,6.597644064485182,1.0120498138741305,1.0099989460813472,1.0049047328336165,0,0,0,0,-0.32874359655557234,0.20670833075123446,0.11677281402450103,-0.10208643809114422,2.959679119276174,2.9953427017906025,2.9892727912079056
0.02,100,497,221.724225753044,0.0273861278752583,0.9154929577464789,0.018108651911468814,0.31313508069383267,0.19978906042417413,424.4892621125631,472.55999525618773,475.3110325513529,424.7315013718026,20.603137191033873,21.738445097480817,21.801629126084887,20.60901505098685,1.055103642514258,1.0581703613356792,1.000285289560443,0,0,0,0,-4.3806056049634945,0.20769912211035618,-0.6979740129034891,-4.372486854746098,9.292235488052446,9.804271510544387,9.832768184008678
0.02,500,499,221.724225753044,0.0273861278752583,0.9398797595190381,0.3486973947895792,0.12075738739238509,0.047217853327275155,87.8342976246319,90.04893288136225,89.6842313350241,88.01028644264798,9.371995391837958,9.489411619345123,9.470175887227443,9.381379772861132,1.0125284128510588,1.0104759436261557,1.0010013215575573,0,0,0,0,-1.0569631845569891,-0.08855682485518186,-0.25732127848105957,-0.9296069411153304,4.22687027545491,4.279826251333677,4.271150730175649
0.02,1000,498,221.724225753044,0.0273861278752583,0.9317269076305221,0.6445783132530121,0.0889591940300828,0.03275157474388123,42.77756783019489,43.60904796858297,43.673050794748775,42.841995127061146,6.5404562402171065,6.6037147098116655,6.608558904538022,6.545379677838494,1.0096718741432111,1.01041252503184,1.0007527666940288,0,0,0,0,-0.5344883728134316,0.05293284521984191,-0.045581624954666215,-0.29240162995202185,2.9498157984332543,2.978346045581356,2.980530829273758
0.04,100,499,221.349288166668,0.0547722557505166,0.9478957915831663,0.01603206412825651,0.31131929995158775,0.16248307202382156,426.6829361217928,499.9804303831363,498.40328237733223,426.6520518715765,20.656304996823437,22.36024218078007,22.324947533585206,20.655557408880945,1.082489931486714,1.08078126930341,0.9999638082443784,0,0,0,0,-3.236725264657572,1.5446980767306857,0.9716491486754634,-3.231425217463953,9.331995222532628,10.101790869073685,10.085845641742171
0.04,500,498,221.349288166668,0.0547722557505166,0.9236947791164659,0.26907630522088355,0.13167024087574783,0.047610468091343366,82.91633572337835,85.05810396205608,85.18017647336907,83.0276189493097,9.105840747749674,9.22269504874015,9.229310725800117,9.111949239833907,1.0128328953061643,1.013559426468221,1.0006708322991198,0,0,0,0,-0.9420366464915373,0.17435793698397423,-0.026930422587545955,-0.8337257223563987,4.113788132398829,4.166579944813644,4.169568740085931
0.04,1000,499,221.349288166668,0.0547722557505166,0.8857715430861723,0.5410821643286573,0.09747305372173432,0.035261351055615536,45.07939958604667,45.08874424068106,45.95166080699764,45.62793414036128,6.714119420001902,6.714815279714034,6.778765433838055,6.754845234375195,1.0001036412474373,1.0096283681883238,1.0060656970520911,0,0,0,0,-0.4074224233516612,0.24214958316841537,0.0851343473254794,-0.20586417949041064,3.033269036287306,3.033583408074039,3.062474467382922
0.06,100,496,220.703401433383,0.0821583836257748,0.9375,0.012096774193548387,0.3107916778524508,0.1577476888661746,375.0734264677364,443.5928497696834,430.52436403979675,375.1757913265374,19.366812501486567,21.06164404242184,20.749081040850864,19.369455111761336,1.0875121572434896,1.0713730532196868,1.0001364504496837,0,0,0,0,-2.771394894283538,2.19623778451915,1.4622067874976201,-2.765474460950576,8.775040337261062,9.542963047073416,9.401341758257296
0.06,500,500,220.703401433383,0.0821583836257748,0.862,0.202,0.14462148464475177,0.052602262680889106,88.18460513631429,93.00589854428715,92.43190064113281,88.23451900670156,9.390665851595099,9.643956581418601,9.614151061905197,9.393323107755933,1.0269726059713304,1.023798654306514,1.0002829678111038,0,0,0,0,-0.6127182873824986,0.711395206444225,0.3384575828089111,-0.5294120496414587,4.254880437096286,4.369645650581207,4.356140865734291
0.06,1000,500,220.703401433383,0.0821583836257748,0.77,0.346,0.11456060334794706,0.03764978981424687,42.28046529456327,44.103382412102974,43.66257102864483,42.76534952532076,6.502343061894171,6.641037751142736,6.607765963519352,6.539522117503752,1.0213299556680362,1.0162130636021025,1.0057177936100392,0,0,0,0,-0.1492501006266332,0.7317693499636048,0.37254584683397884,0.0036136992750306833,2.94619068834643,3.0090328051184403,2.9939574653605128
0.08,100,499,219.784626615894,0.109544511501033,0.8977955911823647,0.02404809619238477,0.337764986527087,0.20511449515975289,418.7627551145158,514.9807293261784,499.50656942822445,418.92669781242114,20.463693584358513,22.693186848174904,22.34964360852818,20.46769888904029,1.1089487220195924,1.092160783017744,1.0001957273580777,0,0,0,0,-3.48018944035712,1.868777923662641,0.7258451323031936,-3.4706041717952716,9.310793889202191,10.325192984418601,10.168883944547893
0.08,500,499,219.784626615894,0.109544511501033,0.7615230460921844,0.13226452905811623,0.1586636970440475,0.05477313236559066,86.40625494994701,89.71318011387399,90.32478404494363,86.88287638920728,9.295496487544224,9.471704182135017,9.503935187328649,9.321098454002472,1.0189562434698252,1.0224236220264005,1.0027542333529527,0,0,0,0,-1.2025720338279664,0.37214967185799797,-0.2979009582260784,-1.141200890469223,4.229366098380244,4.309538991864165,4.324203805181595
0.08,1000,500,219.784626615894,0.109544511501033,0.544,0.2,0.13556641240048453,0.03987564773134955,47.89439979097179,50.28128203505104,49.59610510065519,48.241184849222165,6.92057799544025,7.09092956071706,7.042450219962878,6.9455874373030655,1.0246152222240756,1.0176101222474374,1.0036137793518538,0,0,0,0,-0.0007941527284600625,1.1407986600633193,0.3941490738129601,0.09080461087692816,3.1487998510173227,3.2263082590892505,3.2042506013264505
0.1,100,496,218.590403996944,0.136930639376291,0.8911290322580645,0.028225806451612902,0.33952565998839473,0.19686883189572466,429.11374088600115,517.8588894637116,505.77931700884943,429.04378759720225,20.71506072609977,22.756513121823204,22.489537945650405,20.71337219279377,1.0985491871212003,1.0856612125358096,0.9999184876487534,0,0,0,0,-3.649234287744999,1.9680875041446393,0.8703676080511893,-3.6410773719223797,9.476656041309745,10.410572790808033,10.288437888593142
0.1,500,500,218.590403996944,0.136930639376291,0.596,0.072,0.18378066240555707,0.0603319693177245,88.8808472596494,97.3714272052837,92.8601927140303,89.0288651732422,9.427663934382123,9.867696144758598,9.636399364598288,9.435510859155544,1.0466745753178266,1.0221407372673648,1.0008323297084025,0,0,0,0,-0.5185138997895508,1.5709995349483787,0.2945196439442151,-0.49056373167891887,4.312935866349342,4.51424031628422,4.4084274462171775
0.1,1000,500,218.590403996944,0.136930639376291,0.298,0.08,0.1609745512671478,0.043947531024143234,42.61454859859269,47.428848738164824,43.71570829155745,42.81484361612803,6.5279819698428,6.886860586520162,6.611785560010053,6.543305251639116,1.0549754301306693,1.0128375952253543,1.0023473229348832,0,0,0,0,0.01432922638505704,1.6238033769145608,0.254181537154903,0.05661340455261723,2.9863991513250805,3.1505777292110424,3.0247373348111335
0.15,100,493,214.377405441242,0.205395959064437,0.8336713995943205,0.008113590263691683,0.3781139321719176,0.19719845705477548,411.93906646753544,529.4006418466387,498.84547880027674,412.04159831686883,20.29628208484341,23.00870795691576,22.334848976437623,20.298807805308883,1.1336415142799923,1.1004404098776568,1.0001244425188276,0,0,0,0,-2.402494787154617,4.915620562959504,2.6593256156505185,-2.399651981999534,9.46754721798625,10.73280456471526,10.418471541096858
0.15,500,499,214.377405441242,0.205395959064437,0.20641282565130262,0.006012024048096192,0.23809354361128543,0.062095124734335455,90.91856714316798,111.189265169488,93.50957779020794,90.89953337854989,9.53512281741394,10.54463205472282,9.670035045965859,9.534124678152153,1.1058727041737961,1.0141489764878047,0.9998953197267723,0,0,0,0,-0.6397411180001753,2.9914514752269774,-0.2731851004811789,-0.6363217053189267,4.447820794261545,4.918723609430455,4.510752906101519
0.15,1000,499,214.377405441242,0.205395959064437,0.014028056112224449,0.002004008016032064,0.22685765433250307,0.04504460814594701,48.09949371733551,60.45491077375738,48.481307125620816,48.151788646108535,6.935379853860603,7.775275607575424,6.962851939085077,6.939148985726458,1.1211030644914555,1.0039611507665556,1.000543464373297,0,0,0,0,-0.38435472141701027,2.8958073070272103,-0.3664628992081645,-0.383002143929367,3.2351263136084083,3.626910024203332,3.2479411366854625
0.2,100,496,208.355179485923,0.273861278752583,0.6532258064516129,0.0020161290322580645,0.4973908224302038,0.2958300860658533,421.87266099003136,715.4450210694755,584.1238776736636,421.8821304744653,20.539538967319384,26.74780404200456,24.168654858590365,20.539769484452968,1.302259222301104,1.1766892575848609,1.0000112230919083,0,0,0,0,-2.8841991925718085,8.749541293653733,2.984070943506548,-2.8829563695223164,9.857944985095553,12.8375997697776,11.599737965824488
0.2,500,496,208.355179485923,0.273861278752583,0.014112903225806451,0.0,0.30856126236975545,0.07195219780857512,93.57435677421417,137.1190562969352,94.02091898148898,93.57435677421417,9.673383936049172,11.709784639220963,9.696438468916769,9.673383936049172,1.21051585635745,1.0023832955478673,1.0,0,0,0,0,-1.1850224738437705,5.254019919213209,-1.1559093601070147,-1.1850224738437705,4.642737444740475,5.620107293762815,4.653802460222442
0.2,1000,497,208.355179485923,0.273861278752583,0.0,0.0,0.2934189007202499,0.051753767418717865,46.82347058905336,83.74625978311911,46.82347058905336,46.82347058905336,6.842767757936357,9.151298256702113,6.842767757936357,6.842767757936357,1.337367945315444,1.0,1.0,0,0,0,0,-0.6304574429944577,5.373461091078376,-0.6304574429944577,-0.6304574429944577,3.284184139227828,4.392162594316691,3.284184139227828
