target_cv,actual_cv,n,model,mttf_true,mean_est,bias,bias_sq,variance,mse,mse_check,bias_frac,var_frac,n_reps
0.0,0.0,100,full,221.829531491824,218.07173435425298,-3.757797137571032,14.12103932713704,347.48475424976226,361.60579357689915,361.6057935768993,0.03905092113557096,0.9609490788644295,500
0.0,0.0,100,reduced,221.829531491824,222.62612182723436,0.7965903354103432,0.634556162469163,416.47901100123136,417.11356716370057,417.1135671637005,0.0015213030992591158,0.9984786969007408,500
0.0,0.0,500,full,221.829531491824,220.6757513423965,-1.1537801494275186,1.331208633212987,89.62174817830775,90.95295681152072,90.95295681152074,0.014636232618271154,0.985363767381729,500
0.0,0.0,500,reduced,221.829531491824,221.61840723482112,-0.2111242570028935,0.044573451895023826,92.72726865008727,92.77184210198227,92.77184210198229,0.0004804631543914489,0.9995195368456088,500
0.0,0.0,1000,full,221.829531491824,221.39466354925557,-0.4348679425684452,0.18911012747371253,44.700740534750054,44.88985066222375,44.889850662223765,0.0042127591133390594,0.9957872408866613,499
0.0,0.0,1000,reduced,221.829531491824,221.90939012016318,0.07985862833916713,0.006377400520213227,45.626535145877234,45.63291254639744,45.63291254639745,0.00013975440453705383,0.999860245595463,499
0.0,0.0,5000,full,221.829531491824,221.59120892441652,-0.23832256740749358,0.05679764613569932,8.355589427038243,8.412387073173951,8.412387073173942,0.0067516681818909526,0.993248331818108,500
0.0,0.0,5000,reduced,221.829531491824,221.74434849086782,-0.08518300095619225,0.007256143651902649,8.391012722617724,8.39826886626963,8.398268866269627,0.0008640046856615708,0.9991359953143379,500
0.02,0.0273861278752583,100,full,221.724225753044,218.21491032385364,-3.509315429190366,12.315294781553561,378.0582285347822,390.3735233163359,390.37352331633576,0.031547464277114835,0.9684525357228848,497
0.02,0.0273861278752583,100,reduced,221.724225753044,222.3872375073162,0.6630117542721905,0.4395845863030875,440.62424317869375,441.0638277649968,441.06382776499686,0.00099664619638068,0.9990033538036194,497
0.02,0.0273861278752583,500,full,221.724225753044,220.57634538400745,-1.1478803690365567,1.3176293416195015,96.2928076472744,97.61043698889387,97.61043698889391,0.013498857112681726,0.9865011428873186,500
0.02,0.0273861278752583,500,reduced,221.724225753044,221.52044279847328,-0.20378295457072682,0.04152749257357491,99.85099347508341,99.89252096765699,99.89252096765699,0.0004157217394385372,0.9995842782605614,500
0.02,0.0273861278752583,1000,full,221.724225753044,220.90054198576163,-0.8236837672823754,0.6784549484844863,45.942042428670874,46.6204973771554,46.62049737715536,0.014552717938546431,0.9854472820614527,498
0.02,0.0273861278752583,1000,reduced,221.724225753044,221.46778064484903,-0.25644510819498123,0.06576409351713564,46.89980720324848,46.96557129676563,46.96557129676562,0.0014002617598663086,0.9985997382401334,498
0.02,0.0273861278752583,5000,full,221.724225753044,221.61322515027214,-0.11100060277186685,0.012321133815717774,8.398623995442316,8.410945129258035,8.410945129258034,0.0014648929016143365,0.9985351070983854,500
0.02,0.0273861278752583,5000,reduced,221.724225753044,221.8102679608499,0.08604220780588889,0.007403261524111767,8.442134673436065,8.449537934960173,8.449537934960178,0.0008761735352983728,0.9991238264647021,500
0.04,0.0547722557505166,100,full,221.349288166668,218.41588190302465,-2.9334062636433487,8.604872307582031,373.67389242970614,382.2787647372882,382.27876473728816,0.022509417475740565,0.9774905825242594,499
0.04,0.0547722557505166,100,reduced,221.349288166668,223.11673216916023,1.7674440024922262,3.1238583019457407,444.843177430395,447.9670357323408,447.9670357323407,0.006973411105660548,0.9930265888943394,499
0.04,0.0547722557505166,500,full,221.349288166668,220.70476370443595,-0.6445244622320558,0.4154117824155208,83.26874377704429,83.68415555945982,83.68415555945981,0.0049640434277951175,0.9950359565722048,498
0.04,0.0547722557505166,500,reduced,221.349288166668,221.7996770569063,0.4503888902382869,0.20285015245007562,87.0112537621731,87.21410391462318,87.21410391462318,0.002325887022225814,0.9976741129777741,498
0.04,0.0547722557505166,1000,full,221.349288166668,220.8274842977234,-0.5218038689446018,0.2722792776455552,42.36931231793228,42.64159159557782,42.64159159557783,0.006385298190271869,0.9936147018097283,500
0.04,0.0547722557505166,1000,reduced,221.349288166668,221.50553956693585,0.15625140026784834,0.024414500085663357,43.160678990577985,43.185093490663654,43.18509349066365,0.0005653455419968378,0.9994346544580031,500
0.04,0.0547722557505166,5000,full,221.349288166668,221.33887264706206,-0.010415519605942336,0.00010848304866176919,9.090692722666821,9.090801205715483,9.090801205715483,1.1933276969423197e-05,0.9999880667230306,499
0.04,0.0547722557505166,5000,reduced,221.349288166668,221.66028495178176,0.3109967851137583,0.09671900035109314,9.239879708110198,9.336598708461304,9.336598708461292,0.010359125777082121,0.9896408742229165,499
0.06,0.0821583836257748,100,full,220.703401433383,217.40873867877482,-3.2946627546081686,10.854802666602286,352.0535429004837,362.9083455670861,362.908345567086,0.029910589820248985,0.9700894101797507,499
0.06,0.0821583836257748,100,reduced,220.703401433383,222.34140955544825,1.6380081220652585,2.6830706079517546,416.15263175761004,418.83570236556176,418.8357023655618,0.00640602172354915,0.9935939782764509,499
0.06,0.0821583836257748,500,full,220.703401433383,220.3576019028627,-0.34579953052028145,0.11957731530804706,84.40051628539312,84.52009360070119,84.52009360070117,0.0014147797312313321,0.9985852202687685,500
0.06,0.0821583836257748,500,reduced,220.703401433383,221.7062360281844,1.0028345948014135,1.0056772245305152,88.65354694544799,89.65922416997846,89.6592241699785,0.011216662131984594,0.9887833378680159,500
0.06,0.0821583836257748,1000,full,220.703401433383,219.98089147491012,-0.7225099584728696,0.5220206400924677,42.436675301773946,42.95869594186647,42.95869594186642,0.012151687304449096,0.9878483126955495,500
0.06,0.0821583836257748,1000,reduced,220.703401433383,220.91109980673926,0.20769837335626562,0.04313861429483871,43.725985236522945,43.769123850817785,43.769123850817785,0.000985594649823741,0.9990144053501763,500
0.06,0.0821583836257748,5000,full,220.703401433383,220.59998534505175,-0.10341608833124383,0.010694887325735626,8.83660038705298,8.84729527437872,8.847295274378716,0.0012088312861793403,0.9987911687138202,500
0.06,0.0821583836257748,5000,reduced,220.703401433383,221.12860388202995,0.42520244864695655,0.18079712233536774,9.022884481219615,9.203681603554967,9.203681603554983,0.01964400009943129,0.9803559999005703,500
0.08,0.109544511501033,100,full,219.784626615894,216.9996035690472,-2.785023046846817,7.756353371467927,371.38261008003974,379.13896345150783,379.13896345150766,0.020457811301844663,0.9795421886981549,498
0.08,0.109544511501033,100,reduced,219.784626615894,222.1944615324638,2.4098349165697925,5.807304325118939,456.5973240256493,462.4046283507682,462.40462835076823,0.012558923438615905,0.9874410765613842,498
0.08,0.109544511501033,500,full,219.784626615894,219.45367462997612,-0.330951985917892,0.10952921698299657,89.09600118662163,89.20553040360461,89.20553040360463,0.0012278298944856756,0.9987721701055146,500
0.08,0.109544511501033,500,reduced,219.784626615894,221.15530098489972,1.3706743690057124,1.8787482258492079,94.3879360186813,96.26668424453051,96.26668424453051,0.019516079114940025,0.98048392088506,500
0.08,0.109544511501033,1000,full,219.784626615894,219.17049707078067,-0.6141295451133431,0.37715509818112164,42.56787467897896,42.9450297771601,42.94502977716008,0.008782275856790952,0.9912177241432086,500
0.08,0.109544511501033,1000,reduced,219.784626615894,220.31523067419798,0.5306040583039646,0.2815406666886371,44.673564969732666,44.955105636421315,44.9551056364213,0.0062627072654577644,0.9937372927345419,500
0.08,0.109544511501033,5000,full,219.784626615894,219.47353771317464,-0.3110889027193764,0.09677630539514563,8.663150255232328,8.759926560627477,8.759926560627473,0.011047616064513389,0.9889523839354862,500
0.08,0.109544511501033,5000,reduced,219.784626615894,220.27447022702702,0.48984361113301134,0.23994676336782883,8.913858359950318,9.153805123318147,9.153805123318147,0.02621278912269993,0.9737872108773,500
0.1,0.136930639376291,100,full,218.590403996944,214.70157490759485,-3.8888290893491444,15.122991686168096,366.69173020400615,381.81472189017404,381.81472189017427,0.03960819428675174,0.9603918057132488,497
0.1,0.136930639376291,100,reduced,218.590403996944,220.43962039239395,1.8492163954499574,3.4196012772009334,473.00088215937905,476.42048343657996,476.42048343657996,0.007177695745855023,0.992822304254145,497
0.1,0.136930639376291,500,full,218.590403996944,218.51928954019036,-0.0711144567536337,0.005057265959364439,92.36119369344412,92.36625095940349,92.36625095940349,5.47523138249618e-05,0.999945247686175,500
0.1,0.136930639376291,500,reduced,218.590403996944,220.53724397717923,1.9468399802352394,3.7901859086423473,98.14643350898407,101.93661941762623,101.93661941762642,0.0371817893343535,0.9628182106656483,500
0.1,0.136930639376291,1000,full,218.590403996944,218.10805412325925,-0.4823498736847398,0.23266140064368446,46.066472206361766,46.29913360700545,46.29913360700545,0.005025178281273082,0.9949748217187269,500
0.1,0.136930639376291,1000,reduced,218.590403996944,219.68363743495155,1.0932334380075588,1.1951593499778268,48.102035241519026,49.297194591496876,49.297194591496854,0.024243962762618875,0.9757560372373807,500
0.1,0.136930639376291,5000,full,218.590403996944,218.59599497287888,0.0055909759348935495,3.12590119045588e-05,8.811379275161224,8.811410534173131,8.81141053417313,3.5475604936721027e-06,0.9999964524395061,500
0.1,0.136930639376291,5000,reduced,218.590403996944,219.7981561622821,1.2077521653381211,1.4586652928789203,9.191916233566651,10.650581526445581,10.650581526445572,0.13695639897756087,0.8630436010224383,500
0.15,0.205395959064437,100,full,214.377405441242,210.05737655131225,-4.320028889929745,18.66264960982762,425.210172367328,443.8728219771557,443.87282197715564,0.04204503787075324,0.9579549621292467,494
0.15,0.205395959064437,100,reduced,214.377405441242,217.9215987085459,3.5441932673039105,12.561305916002368,558.0767094815925,570.6380153975948,570.6380153975949,0.02201273938479233,0.9779872606152078,494
0.15,0.205395959064437,500,full,214.377405441242,213.84940600373955,-0.5279994375024444,0.2787834060028977,88.19513510999118,88.4739185159941,88.47391851599409,0.0031510236087542555,0.9968489763912456,498
0.15,0.205395959064437,500,reduced,214.377405441242,217.56894214190208,3.1915367006600945,10.185906511660322,100.6469337676991,110.83284027935944,110.83284027935942,0.09190332473647937,0.9080966752635203,498
0.15,0.205395959064437,1000,full,214.377405441242,213.95520636225345,-0.42219907898854103,0.1782520622987723,46.44409645066791,46.62234851296666,46.62234851296668,0.003823317957678529,0.9961766820423219,500
0.15,0.205395959064437,1000,reduced,214.377405441242,217.13822912611457,2.7608236848725767,7.622147418953393,51.30781193250528,58.929959351458734,58.92995935145868,0.1293424856021849,0.870657514397814,500
0.15,0.205395959064437,5000,full,214.377405441242,214.4081708807335,0.030765439491517554,0.0009465122671062279,8.9694909253363,8.970437437603406,8.970437437603406,0.00010551461661596556,0.9998944853833841,498
0.15,0.205395959064437,5000,reduced,214.377405441242,217.20241195577154,2.825006514529548,7.9806618071343856,9.636168990123455,17.61683079725789,17.61683079725784,0.45301347892701554,0.5469865210729816,498
0.2,0.273861278752583,100,full,208.355179485923,204.4383699464627,-3.916809539460303,15.34139696840723,370.15513002501166,385.49652699341897,385.4965269934189,0.03979645961549514,0.9602035403845046,494
0.2,0.273861278752583,100,reduced,208.355179485923,215.06237402171004,6.707194535787039,44.98645854089151,528.4839465983199,573.4704051392112,573.4704051392114,0.0784459984992093,0.9215540015007911,494
0.2,0.273861278752583,500,full,208.355179485923,207.90405929711514,-0.4511201888078631,0.20350942475004205,98.75310085838858,98.9566102831386,98.95661028313862,0.0020565521006403993,0.9979434478993597,496
0.2,0.273861278752583,500,reduced,208.355179485923,214.45085111361334,6.095671627690336,37.15721259262896,119.97133420584204,157.12854679847084,157.128546798471,0.2364765241562749,0.7635234758437262,496
0.2,0.273861278752583,1000,full,208.355179485923,207.70549933010182,-0.6496801558211871,0.42208430486784193,47.54562629093203,47.967710595799865,47.96771059579987,0.008799342299751123,0.991200657700249,493
0.2,0.273861278752583,1000,reduced,208.355179485923,213.60638837355575,5.2512088876327425,27.575194781553105,57.04066005556841,84.61585483712173,84.61585483712152,0.32588685459283007,0.6741131454071674,493
0.2,0.273861278752583,5000,full,208.355179485923,208.2120598355859,-0.1431196503370984,0.020483234312613306,9.897938253621133,9.918421487933747,9.918421487933745,0.0020651707872600673,0.9979348292127398,500
0.2,0.273861278752583,5000,reduced,208.355179485923,213.75624812236083,5.401068636437827,29.17154241551237,11.771932304711619,40.94347472022373,40.94347472022399,0.7124833105848561,0.2875166894151502,500
0.3,0.410791918128875,100,full,190.512361860046,186.00566386080564,-4.506697999240373,20.310326856357182,512.034473405615,532.3448002619724,532.3448002619722,0.03815257864144115,0.9618474213585585,488
0.3,0.410791918128875,100,reduced,190.512361860046,210.50262834160566,19.990266481559644,399.610754003767,1001.2371238532596,1400.8478778570272,1400.8478778570266,0.2852634895768118,0.7147365104231878,488
0.3,0.410791918128875,500,full,190.512361860046,190.23524396850178,-0.27711789154423627,0.07679432581392309,94.44983355949141,94.52662788530534,94.52662788530533,0.0008124094504577283,0.9991875905495421,495
0.3,0.410791918128875,500,reduced,190.512361860046,209.71069296786922,19.198331107823208,368.5759173256123,167.17884832092193,535.7547656465338,535.7547656465342,0.6879563952750383,0.31204360472496256,495
0.3,0.410791918128875,1000,full,190.512361860046,190.14477833697003,-0.36758352307597875,0.1351176464369486,50.57318959918265,50.70830724561958,50.708307245619594,0.002664605737723984,0.9973353942622764,490
0.3,0.410791918128875,1000,reduced,190.512361860046,209.12198956645847,18.609627706412454,346.31824337127404,85.16966481224006,431.4879081835133,431.4879081835141,0.8026140172252143,0.19738598277478753,490
0.3,0.410791918128875,5000,full,190.512361860046,190.22147095034353,-0.2908909097024832,0.08461752134753825,10.981850631241048,11.0664681525886,11.066468152588588,0.007646298727001265,0.9923537012729975,487
0.3,0.410791918128875,5000,reduced,190.512361860046,208.17020705772288,17.657845197676863,311.7994970251199,20.62905893804797,332.4285559631679,332.42855596316787,0.9379443836337162,0.062055616366283546,487
