target_cv,n,mttf_true,actual_cv,mttf_full_mean,mttf_red_mean,n_reps,bias_full_pct,bias_red_pct,mse_full,mse_red,rmse_full,rmse_red,rel_eff,rmse_full_pct,rmse_red_pct,R_bias_full_pct,R_bias_red_pct,reject_rate
0.0,100,221.829531491824,0.0,218.071734354253,222.62612182723436,500,-1.694002197227516,0.3591002199090445,361.60579357689915,417.11356716370057,19.015935253804876,20.423358371328174,0.8669240754640407,8.57231908029601,9.206780645470966,1.691492727709391,-0.3114419170662525,0.05
0.0,500,221.829531491824,0.0,220.67575134239652,221.61840723482112,500,-0.5201201759153583,-0.09517409858960772,90.95295681152072,92.77184210198227,9.536925962359188,9.631814060808185,0.980393994026096,4.299213859499447,4.3419890922697935,0.23814386167646065,-0.1305308353131028,0.068
0.0,1000,221.829531491824,0.0,221.39466354925557,221.90939012016318,499,-0.196036992750207,0.03599999864856158,44.88985066222375,45.63291254639744,6.699988855380563,6.755213730622995,0.9837165360984097,3.0203322390497434,3.045227425398936,0.16087831237355252,-0.00805331535294577,0.056112224448897796
0.0,5000,221.829531491824,0.0,221.59120892441652,221.7443484908678,500,-0.10743500462032822,-0.03840020775563882,8.412387073173951,8.39826886626963,2.9004115351401345,2.897976684907874,1.0016810853676077,1.30749567725929,1.3063980550374488,-0.038760773132690565,-0.05515606439202154,0.044
0.02,100,221.724225753044,0.0273861278752583,218.21491032385364,222.3872375073162,497,-1.5827388357188512,0.29902540059409277,390.3735233163359,441.0638277649968,19.757872439013667,21.001519653705937,0.8850726328986805,8.91101203393983,9.47191024452934,1.7495728175370246,-0.15388261235577919,0.04225352112676056
0.02,500,221.724225753044,0.0273861278752583,220.57634538400745,221.52044279847325,500,-0.5177063377436544,-0.09190829458470103,97.61043698889387,99.89252096765699,9.879799440722158,9.994624603638547,0.977154606204182,4.455895338981252,4.5076827169849,0.13327664303658107,-0.2327414265044998,0.058
0.02,1000,221.724225753044,0.0273861278752583,220.9005419857616,221.467780644849,498,-0.3714901989103442,-0.11565948976664268,46.6204973771554,46.96557129676563,6.827920428443451,6.853143169142582,0.9926526195661546,3.0794652254410733,3.0908409515772077,-0.031571529793704554,-0.2168844810032471,0.06626506024096386
0.02,5000,221.724225753044,0.0273861278752583,221.61322515027214,221.8102679608499,500,-0.05006246042572682,0.038805957045813536,8.410945129258035,8.449537934960173,2.9001629487423695,2.9068088920601873,0.9954325543006963,1.308004544335433,1.3110019359354015,0.028534297210619685,-0.0058309957169066775,0.158
0.04,100,221.349288166668,0.0547722557505166,218.41588190302465,223.11673216916023,499,-1.3252386253144848,0.7984864180640169,382.2787647372882,447.9670357323408,19.55195040749869,21.165231766563313,0.8533636054544399,8.833075800441147,9.561915442269983,1.9127777568572288,-0.06351785450758163,0.06613226452905811
0.04,500,221.349288166668,0.0547722557505166,220.70476370443595,221.7996770569063,498,-0.29117982152567495,0.20347428897045305,83.68415555945982,87.21410391462318,9.1479044354136,9.338849175065587,0.9595254873154583,4.132791440705045,4.219055436055331,0.27461081782867486,-0.13957816700462247,0.0823293172690763
0.04,1000,221.349288166668,0.0547722557505166,220.82748429772343,221.50553956693585,500,-0.23573776688709022,0.07059042365214055,42.64159159557782,43.185093490663654,6.530052955036262,6.571536615637446,0.9874145949179586,2.95011247116339,2.968853737938979,0.07918710063027384,-0.14910194608570113,0.134
0.04,5000,221.349288166668,0.0547722557505166,221.33887264706206,221.66028495178176,499,-0.0047054678568018826,0.14050046769501645,9.090801205715483,9.336598708461304,3.015095554989175,3.0555848390220333,0.9736737638168954,1.3621437773583067,1.380435809995146,0.058615542245756644,-0.03667179310120473,0.5811623246492986
0.06,100,220.703401433383,0.0821583836257748,217.40873867877482,222.34140955544825,499,-1.4928010774689524,0.7421762018288033,362.9083455670861,418.83570236556176,19.0501534263398,20.465475864625326,0.8664694616944044,8.63156313070684,9.272841166792173,2.1307666586966723,0.08274489896355518,0.07414829659318638
0.06,500,220.703401433383,0.0821583836257748,220.3576019028627,221.70623602818438,500,-0.15668065298244052,0.45438112339382325,84.52009360070119,89.65922416997846,9.193481038252115,9.468855483635732,0.9426815186406882,4.165536633574299,4.290307907417461,0.7542033452912172,0.21783531856495647,0.16
0.06,1000,220.703401433383,0.0821583836257748,219.98089147491007,220.9110998067393,500,-0.32736693398493383,0.09410746368536854,42.95869594186647,43.769123850817785,6.554288362733705,6.615823746958332,0.9814840271485998,2.9697269367695034,2.9976084210715026,0.0568095270563702,-0.29298884075305587,0.314
0.06,5000,220.703401433383,0.0821583836257748,220.59998534505175,221.12860388202995,500,-0.04685749637730839,0.19265785931953544,8.84729527437872,9.203681603554967,2.974440329604667,3.0337570112906156,0.961277851133117,1.3477093285770998,1.3745855259083188,-0.016140058808918056,-0.18486298960841643,0.928
0.08,100,219.784626615894,0.109544511501033,216.99960356904717,222.1944615324638,498,-1.2671600783589305,1.096452901949932,379.13896345150783,462.4046283507682,19.471491043356384,21.50359570748037,0.819928997691396,8.859350784978096,9.7839398681242,2.5069633728667777,0.2682982264728202,0.09236947791164658
0.08,500,219.784626615894,0.109544511501033,219.45367462997612,221.15530098489972,500,-0.1505801342949611,0.6236443331412654,89.20553040360461,96.26668424453051,9.444867939976959,9.811558706165423,0.9266500773726702,4.297328746511127,4.464169699781853,0.5270126404497103,-0.12955004737086442,0.266
0.08,1000,219.784626615894,0.109544511501033,219.17049707078067,220.31523067419798,500,-0.27942334028058513,0.24142000579106623,42.9450297771601,44.955105636421315,6.553245743687635,6.704856869197233,0.95528703957415,2.981667027667225,3.050648706615389,0.02197321411717199,-0.41397056001619287,0.424
0.08,5000,219.784626615894,0.109544511501033,219.4735377131746,220.27447022702702,500,-0.14154261265192059,0.22287437418863928,8.759926560627477,9.153805123318147,2.959717310931481,3.0255255945567785,0.9569710565841832,1.3466443747696797,1.3765865434457023,-0.06446221641579626,-0.36405382406016595,0.998
0.1,100,218.590403996944,0.136930639376291,214.70157490759485,220.43962039239395,497,-1.7790484020531443,0.8459732731340807,381.81472189017404,476.42048343657996,19.54007988443686,21.827058515443163,0.8014238160710829,8.939129772919967,9.985369035572266,1.5079810709370474,-0.7252972889595297,0.07243460764587525
0.1,500,218.590403996944,0.136930639376291,218.51928954019033,220.5372439771792,500,-0.03253320157396129,0.8906337810979246,92.36625095940349,101.93661941762623,9.610736233993912,10.096366644373918,0.906114519856562,4.39668716387398,4.618851724394577,0.6593541156773574,-0.13456230331138966,0.374
0.1,1000,218.590403996944,0.136930639376291,218.10805412325925,219.68363743495155,500,-0.22066379166922775,0.5001287421669447,46.29913360700545,49.297194591496876,6.8043466701076785,7.021196094078051,0.939183943237846,3.112829541320033,3.212033083655498,0.08135691615307097,-0.5154403364573538,0.672
0.1,5000,218.590403996944,0.136930639376291,218.5959949728789,219.7981561622821,500,0.0025577407940561452,0.5525183828998304,8.811410534173131,10.650581526445581,2.9684020169399448,3.2635228705258954,0.8273173171149616,1.3579745325789527,1.4929854242693659,0.0761758128153489,-0.38179984613348317,1.0
0.15,100,214.377405441242,0.205395959064437,210.05737655131225,217.9215987085459,494,-2.015151214764472,1.6532494457655553,443.8728219771557,570.6380153975948,21.068289488640403,23.888030797819958,0.7778535779252022,9.827663248968157,11.142979713115032,1.3009392074455415,-1.4705292649016168,0.16194331983805668
0.15,500,214.377405441242,0.205395959064437,213.84940600373952,217.56894214190208,498,-0.24629435010453585,1.4887467707201318,88.4739185159941,110.83284027935944,9.40605754373181,10.52771771465019,0.7982644701064358,4.38761609432291,4.910833626790814,0.4646647931923352,-0.8688534125945645,0.7811244979919679
0.15,1000,214.377405441242,0.205395959064437,213.95520636225348,217.13822912611457,500,-0.19694196695753546,1.28783333261736,46.62234851296666,58.929959351458734,6.828055983438233,7.676585136078329,0.7911484926522792,3.1850632623267345,3.5808741692148054,0.11682406773236045,-1.0369980014397568,0.98
0.15,5000,214.377405441242,0.205395959064437,214.4081708807335,217.20241195577154,498,0.014351064389549185,1.317772509054759,8.970437437603406,17.61683079725789,2.995068853566376,4.197240855283134,0.5091970026186368,1.3971009899115907,1.9578746401208507,0.09000712425017872,-0.9209259478156891,1.0
0.2,100,208.355179485923,0.273861278752583,204.4383699464627,215.06237402171,494,-1.879871452739639,3.2191158157602535,385.49652699341897,573.4704051392112,19.63406547288205,23.947242119693264,0.6722169505849894,9.423363278669335,11.493470994471343,1.9647534833610654,-1.5704056713391898,0.33805668016194335
0.2,500,208.355179485923,0.273861278752583,207.90405929711514,214.45085111361334,496,-0.21651498653449214,2.9256155967565833,98.9566102831386,157.12854679847084,9.947693716793788,12.535092612281364,0.6297812351695576,4.774392333964455,6.016213584519154,0.479589421207543,-1.6145540654218955,0.9717741935483871
0.2,1000,208.355179485923,0.273861278752583,207.70549933010184,213.60638837355575,493,-0.3118137775236121,2.520315981867649,47.967710595799865,84.61585483712173,6.925872551224132,9.198687669288578,0.5668879749325182,3.3240702574864773,4.414907127331608,0.0977989931148374,-1.8167275409871617,1.0
0.2,5000,208.355179485923,0.273861278752583,208.2120598355859,213.75624812236083,500,-0.06869022919911041,2.592241119113978,9.918421487933747,40.94347472022373,3.1493525505941293,6.39870883227419,0.2422466963468202,1.5115307228572676,3.0710582036221963,0.0201311364600075,-1.7522834994918184,1.0
0.3,100,190.512361860046,0.410791918128875,186.00566386080564,210.50262834160569,488,-2.365567228939757,10.492897304084078,532.3448002619724,1400.8478778570272,23.072598472256487,37.42790239723604,0.38001613785241023,12.110814357131352,19.64591800333213,1.6356984895605102,-4.045053705807455,0.7397540983606558
0.3,500,190.512361860046,0.410791918128875,190.23524396850175,209.71069296786922,495,-0.1454592703794417,10.077210171761276,94.52662788530534,535.7547656465338,9.722480541780753,23.14637694427648,0.17643637340534576,5.103333162665355,12.149540700818275,0.8147862493558792,-3.6188607384743263,1.0
0.3,1000,190.512361860046,0.410791918128875,190.14477833697003,209.12198956645844,490,-0.1929447094598578,9.768199567061906,50.70830724561958,431.4879081835133,7.12097656544519,20.772287023424102,0.11751964836996813,3.73780288896759,10.903380137969114,0.2965842143874912,-3.9312118206851703,1.0
0.3,5000,190.512361860046,0.410791918128875,190.22147095034353,208.17020705772288,487,-0.15268873203943437,9.268608622178885,11.0664681525886,332.4285559631679,3.326630149654241,18.232623397722225,0.03328976393295987,1.746149235238628,9.57030988420387,-0.09028236121160411,-4.110302516779535,1.0
